{
    "items": [
        {
            "Name": "MAP",
            "TextColor": {
                "r": 1.0,
                "g": 1.0,
                "b": 1.0,
                "a": 1.0
            },
            "FontSize": 12,
            "FontStyle": 1,
            "ImageColor": {
                "r": 0.24528300762176515,
                "g": 0.24528300762176515,
                "b": 0.24528300762176515,
                "a": 1.0
            },
            "ImageType": 0
        }
    ]
}